{
  "fake_probability_threshold": 0.2851056456565857,
  "validation_accuracy_at_threshold": 0.9741855328547764
}